{
  "nm": "Scroll composition",
  "mn": "",
  "layers": [
    {
      "ty": 4,
      "nm": "Circle",
      "mn": "",
      "sr": 1,
      "st": 0,
      "op": 250,
      "ip": 0,
      "hd": false,
      "cl": "",
      "ln": "",
      "ddd": 0,
      "bm": 0,
      "hasMask": false,
      "ao": 0,
      "ks": {
        "a": { "a": 0, "k": [-2, 200.867, 0], "ix": 1 },
        "s": {
          "a": 1,
          "k": [
            {
              "o": { "x": 0.167, "y": 0.167 },
              "i": { "x": 0.833, "y": 0.833 },
              "s": [75, 75, 100],
              "t": 10
            },
            {
              "o": { "x": 0.167, "y": 0.167 },
              "i": { "x": 0.833, "y": 0.833 },
              "s": [100, 100, 100],
              "t": 17
            },
            {
              "o": { "x": 0.167, "y": 0.167 },
              "i": { "x": 0.833, "y": 0.833 },
              "s": [100, 100, 100],
              "t": 25
            },
            {
              "o": { "x": 0.167, "y": 0.167 },
              "i": { "x": 0.833, "y": 0.833 },
              "s": [75, 75, 100],
              "t": 32
            }
          ],
          "ix": 6
        },
        "sk": { "a": 0, "k": 0 },
        "p": {
          "a": 1,
          "k": [
            {
              "o": { "x": 0.333, "y": 0 },
              "i": { "x": 0.667, "y": 1 },
              "s": [299.762, 394.867, 0],
              "t": 17
            },
            {
              "o": { "x": 0.167, "y": 0.167 },
              "i": { "x": 0.833, "y": 0.833 },
              "s": [299.762, 201.25, 0],
              "t": 25
            }
          ],
          "ix": 2
        },
        "sa": { "a": 0, "k": 0 },
        "o": {
          "a": 1,
          "k": [
            {
              "o": { "x": 0.167, "y": 0.167 },
              "i": { "x": 0.833, "y": 0.833 },
              "s": [0],
              "t": 11
            },
            {
              "o": { "x": 0.167, "y": 0.167 },
              "i": { "x": 0.833, "y": 0.833 },
              "s": [100],
              "t": 16
            },
            {
              "o": { "x": 0.167, "y": 0.167 },
              "i": { "x": 0.833, "y": 0.833 },
              "s": [100],
              "t": 26
            },
            {
              "o": { "x": 0.167, "y": 0.167 },
              "i": { "x": 0.833, "y": 0.833 },
              "s": [0],
              "t": 33
            }
          ],
          "ix": 11
        },
        "r": { "a": 0, "k": 0, "ix": 10 }
      },
      "ef": [],
      "shapes": [
        {
          "ty": "gr",
          "bm": 0,
          "cl": "",
          "ln": "",
          "hd": false,
          "mn": "ADBE Vector Group",
          "nm": "Ellipse 1",
          "ix": 1,
          "cix": 2,
          "np": 3,
          "it": [
            {
              "ty": "el",
              "bm": 0,
              "cl": "",
              "ln": "",
              "hd": false,
              "mn": "ADBE Vector Shape - Ellipse",
              "nm": "Tracé d'ellipse 1",
              "d": 1,
              "p": { "a": 0, "k": [0, 0], "ix": 3 },
              "s": { "a": 0, "k": [102, 102], "ix": 2 }
            },
            {
              "ty": "st",
              "bm": 0,
              "cl": "",
              "ln": "",
              "hd": false,
              "mn": "ADBE Vector Graphic - Stroke",
              "nm": "Contour 1",
              "lc": 1,
              "lj": 1,
              "ml": 4,
              "o": { "a": 0, "k": 100, "ix": 4 },
              "w": { "a": 0, "k": 9, "ix": 5 },
              "d": [],
              "c": { "a": 0, "k": [1, 1, 1], "ix": 3 }
            },
            {
              "ty": "fl",
              "bm": 0,
              "cl": "",
              "ln": "",
              "hd": false,
              "mn": "ADBE Vector Graphic - Fill",
              "nm": "Fond 1",
              "c": { "a": 0, "k": [0.8902, 0.8824, 0.8431], "ix": 4 },
              "r": 1,
              "o": { "a": 0, "k": 100, "ix": 5 }
            },
            {
              "ty": "tr",
              "a": { "a": 0, "k": [0, 0], "ix": 1 },
              "s": { "a": 0, "k": [78.394, 78.394], "ix": 3 },
              "sk": { "a": 0, "k": 0, "ix": 4 },
              "p": { "a": 0, "k": [-2, 201.5], "ix": 2 },
              "r": { "a": 0, "k": 0, "ix": 6 },
              "sa": { "a": 0, "k": 0, "ix": 5 },
              "o": { "a": 0, "k": 100, "ix": 7 }
            }
          ]
        }
      ],
      "ind": 1
    },
    {
      "ty": 4,
      "nm": "Pill scroll Silhouettes",
      "mn": "",
      "sr": 1,
      "st": 0,
      "op": 250,
      "ip": 0,
      "hd": false,
      "cl": "",
      "ln": "",
      "ddd": 0,
      "bm": 0,
      "hasMask": false,
      "ao": 0,
      "ks": {
        "a": { "a": 0, "k": [247.778, 770, 0], "ix": 1 },
        "s": {
          "a": 1,
          "k": [
            {
              "o": { "x": 0.167, "y": 0.167 },
              "i": { "x": 0.833, "y": 0.833 },
              "s": [40, 40, 100],
              "t": 14
            },
            {
              "o": { "x": 0.167, "y": 0.167 },
              "i": { "x": 0.833, "y": 0.833 },
              "s": [45, 45, 100],
              "t": 21
            }
          ],
          "ix": 6
        },
        "sk": { "a": 0, "k": 0 },
        "p": { "a": 0, "k": [299, 394.867, 0], "ix": 2 },
        "sa": { "a": 0, "k": 0 },
        "o": {
          "a": 1,
          "k": [
            {
              "o": { "x": 0.167, "y": 0.167 },
              "i": { "x": 0.833, "y": 0.833 },
              "s": [0],
              "t": 12
            },
            {
              "o": { "x": 0.167, "y": 0.167 },
              "i": { "x": 0.833, "y": 0.833 },
              "s": [100],
              "t": 17
            },
            {
              "o": { "x": 0.167, "y": 0.167 },
              "i": { "x": 0.833, "y": 0.833 },
              "s": [100],
              "t": 27
            },
            {
              "o": { "x": 0.167, "y": 0.167 },
              "i": { "x": 0.833, "y": 0.833 },
              "s": [0],
              "t": 32
            }
          ],
          "ix": 11
        },
        "r": { "a": 0, "k": 0, "ix": 10 }
      },
      "ef": [],
      "shapes": [
        {
          "ty": "gr",
          "bm": 0,
          "cl": "",
          "ln": "",
          "hd": false,
          "mn": "ADBE Vector Group",
          "nm": "Pill",
          "ix": 1,
          "cix": 2,
          "np": 2,
          "it": [
            {
              "ty": "sh",
              "bm": 0,
              "cl": "",
              "ln": "",
              "hd": false,
              "mn": "ADBE Vector Shape - Group",
              "nm": "Tracé 1",
              "ix": 1,
              "d": 1,
              "ks": {
                "a": 1,
                "k": [
                  {
                    "o": { "x": 0.333, "y": 0 },
                    "i": { "x": 0.667, "y": 1 },
                    "s": [
                      {
                        "c": true,
                        "i": [
                          [130.872, 0],
                          [0, -130.871],
                          [0, 0],
                          [-130.872, 0],
                          [0, 130.871],
                          [0, 0]
                        ],
                        "o": [
                          [-130.872, 0],
                          [0, 0],
                          [0, 130.871],
                          [130.872, 0],
                          [0, 0],
                          [0, -130.871]
                        ],
                        "v": [
                          [-0.333, -26.963],
                          [-237.296, 210],
                          [-236.963, 210],
                          [0, 446.963],
                          [236.963, 210],
                          [236.63, 210]
                        ]
                      }
                    ],
                    "t": 17
                  },
                  {
                    "o": { "x": 0.333, "y": 0 },
                    "i": { "x": 0.667, "y": 1 },
                    "s": [
                      {
                        "c": true,
                        "i": [
                          [130.872, 0],
                          [0, -130.871],
                          [0, 0],
                          [-130.872, 0],
                          [0, 130.871],
                          [0, 0]
                        ],
                        "o": [
                          [-130.872, 0],
                          [0, 0],
                          [0, 130.871],
                          [130.872, 0],
                          [0, 0],
                          [0, -130.871]
                        ],
                        "v": [
                          [0, -446.963],
                          [-236.963, -210],
                          [-236.963, 210],
                          [0, 446.963],
                          [236.963, 210],
                          [236.963, -210]
                        ]
                      }
                    ],
                    "t": 23
                  },
                  {
                    "o": { "x": 0.167, "y": 0.167 },
                    "i": { "x": 0.833, "y": 0.833 },
                    "s": [
                      {
                        "c": true,
                        "i": [
                          [130.872, 0],
                          [0, -130.871],
                          [0, 0],
                          [-130.872, 0],
                          [0, 130.871],
                          [0, 0]
                        ],
                        "o": [
                          [-130.872, 0],
                          [0, 0],
                          [0, 130.871],
                          [130.872, 0],
                          [0, 0],
                          [0, -130.871]
                        ],
                        "v": [
                          [0, -446.963],
                          [-236.963, -210],
                          [-237.296, -210],
                          [-0.333, 26.963],
                          [236.63, -210],
                          [236.963, -210]
                        ]
                      }
                    ],
                    "t": 30
                  }
                ],
                "ix": 2
              }
            },
            {
              "ty": "st",
              "bm": 0,
              "cl": "",
              "ln": "",
              "hd": false,
              "mn": "ADBE Vector Graphic - Stroke",
              "nm": "Contour 1",
              "lc": 1,
              "lj": 1,
              "ml": 10,
              "o": { "a": 0, "k": 100, "ix": 4 },
              "w": { "a": 0, "k": 19, "ix": 5 },
              "d": [],
              "c": { "a": 0, "k": [0.8902, 0.8824, 0.8431], "ix": 3 }
            },
            {
              "ty": "tr",
              "a": { "a": 0, "k": [0, 0], "ix": 1 },
              "s": { "a": 0, "k": [100, 100], "ix": 3 },
              "sk": { "a": 0, "k": 0, "ix": 4 },
              "p": { "a": 0, "k": [249.638, 560], "ix": 2 },
              "r": { "a": 0, "k": 0, "ix": 6 },
              "sa": { "a": 0, "k": 0, "ix": 5 },
              "o": { "a": 0, "k": 100, "ix": 7 }
            }
          ]
        }
      ],
      "ind": 2
    }
  ],
  "ddd": 0,
  "h": 600,
  "w": 600,
  "meta": {
    "a": "",
    "k": "",
    "d": "",
    "g": "@lottiefiles/toolkit-js 0.21.3",
    "tc": "#000000"
  },
  "v": "5.7.5",
  "fr": 25,
  "op": 45,
  "ip": 0,
  "assets": []
}
